
{
	"autogenerate": true, 
	"verts": {
		"verts-child-0": {
			"p1": {
				"x": -10.000000, 
				"y": 10.000000
			}, 
			"p2": {
				"x": 10.000000, 
				"y": 10.000000
			}
		}, 
		"verts-child-1": {
			"p1": {
				"x": -10.000000, 
				"y": 10.000000
			}, 
			"p2": {
				"x": -20.000000, 
				"y": 2.000000
			}
		}, 
		"verts-child-2": {
			"p1": {
				"x": 10.000000, 
				"y": 10.000000
			}, 
			"p2": {
				"x": 20.000000, 
				"y": 2.000000
			}
		}, 
		"verts-child-3": {
			"p1": {
				"x": -10.000000, 
				"y": 1.000000
			}, 
			"p2": {
				"x": 10.000000, 
				"y": 1.000000
			}
		}, 
		"verts-child-4": {
			"p1": {
				"x": -20.000000, 
				"y": 2.000000
			}, 
			"p2": {
				"x": -31.000000, 
				"y": 2.000000
			}
		}, 
		"verts-child-5": {
			"p1": {
				"x": -20.000000, 
				"y": -3.000000
			}, 
			"p2": {
				"x": -27.000000, 
				"y": -3.000000
			}
		}, 
		"verts-child-6": {
			"p1": {
				"x": -20.000000, 
				"y": -3.000000
			}, 
			"p2": {
				"x": -20.000000, 
				"y": -7.000000
			}
		}, 
		"verts-child-7": {
			"p1": {
				"x": -20.000000, 
				"y": -7.000000
			}, 
			"p2": {
				"x": -16.000000, 
				"y": -7.000000
			}
		}, 
		"verts-child-8": {
			"p1": {
				"x": -31.000000, 
				"y": 2.000000
			}, 
			"p2": {
				"x": -31.000000, 
				"y": -18.000000
			}
		}, 
		"verts-child-9": {
			"p1": {
				"x": -16.000000, 
				"y": -7.000000
			}, 
			"p2": {
				"x": -16.000000, 
				"y": -14.000000
			}
		}, 
		"verts-child-10": {
			"p1": {
				"x": -16.000000, 
				"y": -14.000000
			}, 
			"p2": {
				"x": -11.000000, 
				"y": -14.000000
			}
		}, 
		"verts-child-11": {
			"p1": {
				"x": -11.000000, 
				"y": -14.000000
			}, 
			"p2": {
				"x": -11.000000, 
				"y": -10.000000
			}
		}, 
		"verts-child-12": {
			"p1": {
				"x": -11.000000, 
				"y": -10.000000
			}, 
			"p2": {
				"x": 7.000000, 
				"y": -10.000000
			}
		}, 
		"verts-child-13": {
			"p1": {
				"x": 7.000000, 
				"y": -10.000000
			}, 
			"p2": {
				"x": 7.000000, 
				"y": -14.000000
			}
		}, 
		"verts-child-14": {
			"p1": {
				"x": 7.000000, 
				"y": -14.000000
			}, 
			"p2": {
				"x": 10.000000, 
				"y": -14.000000
			}
		}, 
		"verts-child-15": {
			"p1": {
				"x": 10.000000, 
				"y": -14.000000
			}, 
			"p2": {
				"x": 10.000000, 
				"y": -13.000000
			}
		}, 
		"verts-child-16": {
			"p1": {
				"x": 10.000000, 
				"y": -13.000000
			}, 
			"p2": {
				"x": 13.000000, 
				"y": -13.000000
			}
		}, 
		"verts-child-17": {
			"p1": {
				"x": 13.000000, 
				"y": -13.000000
			}, 
			"p2": {
				"x": 13.000000, 
				"y": -14.000000
			}
		}, 
		"verts-child-18": {
			"p1": {
				"x": 13.000000, 
				"y": -14.000000
			}, 
			"p2": {
				"x": 16.000000, 
				"y": -14.000000
			}
		}, 
		"verts-child-19": {
			"p1": {
				"x": 16.000000, 
				"y": -14.000000
			}, 
			"p2": {
				"x": 16.000000, 
				"y": -13.000000
			}
		}, 
		"verts-child-20": {
			"p1": {
				"x": 16.000000, 
				"y": -13.000000
			}, 
			"p2": {
				"x": 19.000000, 
				"y": -13.000000
			}
		}, 
		"verts-child-21": {
			"p1": {
				"x": 19.000000, 
				"y": -13.000000
			}, 
			"p2": {
				"x": 19.000000, 
				"y": -14.000000
			}
		}, 
		"verts-child-22": {
			"p1": {
				"x": 19.000000, 
				"y": -14.000000
			}, 
			"p2": {
				"x": 22.000000, 
				"y": -14.000000
			}
		}, 
		"verts-child-23": {
			"p1": {
				"x": 22.000000, 
				"y": -14.000000
			}, 
			"p2": {
				"x": 22.000000, 
				"y": -6.000000
			}
		}, 
		"verts-child-24": {
			"p1": {
				"x": 20.000000, 
				"y": 2.000000
			}, 
			"p2": {
				"x": 26.000000, 
				"y": 2.000000
			}
		}, 
		"verts-child-25": {
			"p1": {
				"x": 22.000000, 
				"y": -6.000000
			}, 
			"p2": {
				"x": 26.000000, 
				"y": -6.000000
			}
		}, 
		"verts-child-26": {
			"p1": {
				"x": 26.000000, 
				"y": 2.000000
			}, 
			"p2": {
				"x": 26.000000, 
				"y": 13.000000
			}
		}, 
		"verts-child-27": {
			"p1": {
				"x": 26.000000, 
				"y": 13.000000
			}, 
			"p2": {
				"x": 28.000000, 
				"y": 13.000000
			}
		}, 
		"verts-child-28": {
			"p1": {
				"x": 28.000000, 
				"y": 13.000000
			}, 
			"p2": {
				"x": 28.000000, 
				"y": 9.000000
			}
		}, 
		"verts-child-29": {
			"p1": {
				"x": 28.000000, 
				"y": 9.000000
			}, 
			"p2": {
				"x": 29.000000, 
				"y": 9.000000
			}
		}, 
		"verts-child-30": {
			"p1": {
				"x": 29.000000, 
				"y": 9.000000
			}, 
			"p2": {
				"x": 29.000000, 
				"y": 5.000000
			}
		}, 
		"verts-child-31": {
			"p1": {
				"x": 29.000000, 
				"y": 5.000000
			}, 
			"p2": {
				"x": 28.000000, 
				"y": 5.000000
			}
		}, 
		"verts-child-32": {
			"p1": {
				"x": 28.000000, 
				"y": 5.000000
			}, 
			"p2": {
				"x": 28.000000, 
				"y": 2.000000
			}
		}, 
		"verts-child-33": {
			"p1": {
				"x": 28.000000, 
				"y": 2.000000
			}, 
			"p2": {
				"x": 31.000000, 
				"y": 2.000000
			}
		}, 
		"verts-child-34": {
			"p1": {
				"x": 31.000000, 
				"y": 2.000000
			}, 
			"p2": {
				"x": 31.000000, 
				"y": 5.000000
			}
		}, 
		"verts-child-35": {
			"p1": {
				"x": 31.000000, 
				"y": 5.000000
			}, 
			"p2": {
				"x": 30.000000, 
				"y": 5.000000
			}
		}, 
		"verts-child-36": {
			"p1": {
				"x": 30.000000, 
				"y": 5.000000
			}, 
			"p2": {
				"x": 30.000000, 
				"y": 9.000000
			}
		}, 
		"verts-child-37": {
			"p1": {
				"x": 30.000000, 
				"y": 9.000000
			}, 
			"p2": {
				"x": 31.000000, 
				"y": 9.000000
			}
		}, 
		"verts-child-38": {
			"p1": {
				"x": 31.000000, 
				"y": 9.000000
			}, 
			"p2": {
				"x": 31.000000, 
				"y": 13.000000
			}
		}, 
		"verts-child-39": {
			"p1": {
				"x": 31.000000, 
				"y": 13.000000
			}, 
			"p2": {
				"x": 30.000000, 
				"y": 13.000000
			}
		}, 
		"verts-child-40": {
			"p1": {
				"x": 30.000000, 
				"y": 13.000000
			}, 
			"p2": {
				"x": 30.000000, 
				"y": 16.000000
			}
		}, 
		"verts-child-41": {
			"p1": {
				"x": 30.000000, 
				"y": 16.000000
			}, 
			"p2": {
				"x": 31.000000, 
				"y": 16.000000
			}
		}, 
		"verts-child-42": {
			"p1": {
				"x": 31.000000, 
				"y": 16.000000
			}, 
			"p2": {
				"x": 31.000000, 
				"y": 19.000000
			}
		}, 
		"verts-child-43": {
			"p1": {
				"x": 31.000000, 
				"y": 19.000000
			}, 
			"p2": {
				"x": 30.000000, 
				"y": 19.000000
			}
		}, 
		"verts-child-44": {
			"p1": {
				"x": 30.000000, 
				"y": 19.000000
			}, 
			"p2": {
				"x": 30.000000, 
				"y": 24.000000
			}
		}, 
		"verts-child-45": {
			"p1": {
				"x": 35.000000, 
				"y": 2.000000
			}, 
			"p2": {
				"x": 35.000000, 
				"y": -6.000000
			}
		}, 
		"verts-child-46": {
			"p1": {
				"x": 35.000000, 
				"y": -6.000000
			}, 
			"p2": {
				"x": 31.000000, 
				"y": -6.000000
			}
		}, 
		"verts-child-47": {
			"p1": {
				"x": 31.000000, 
				"y": -6.000000
			}, 
			"p2": {
				"x": 31.000000, 
				"y": -22.000000
			}
		}, 
		"verts-child-48": {
			"p1": {
				"x": 30.000000, 
				"y": 24.000000
			}, 
			"p2": {
				"x": 49.000000, 
				"y": 24.000000
			}
		}, 
		"verts-child-49": {
			"p1": {
				"x": 49.000000, 
				"y": 24.000000
			}, 
			"p2": {
				"x": 49.000000, 
				"y": 23.000000
			}
		}, 
		"verts-child-50": {
			"p1": {
				"x": 49.000000, 
				"y": 23.000000
			}, 
			"p2": {
				"x": 34.000000, 
				"y": 23.000000
			}
		}, 
		"verts-child-51": {
			"p1": {
				"x": 34.000000, 
				"y": 23.000000
			}, 
			"p2": {
				"x": 34.000000, 
				"y": 22.000000
			}
		}, 
		"verts-child-52": {
			"p1": {
				"x": 34.000000, 
				"y": 22.000000
			}, 
			"p2": {
				"x": 35.000000, 
				"y": 22.000000
			}
		}, 
		"verts-child-53": {
			"p1": {
				"x": 35.000000, 
				"y": 22.000000
			}, 
			"p2": {
				"x": 35.000000, 
				"y": 19.000000
			}
		}, 
		"verts-child-54": {
			"p1": {
				"x": 35.000000, 
				"y": 19.000000
			}, 
			"p2": {
				"x": 36.000000, 
				"y": 19.000000
			}
		}, 
		"verts-child-55": {
			"p1": {
				"x": 36.000000, 
				"y": 19.000000
			}, 
			"p2": {
				"x": 36.000000, 
				"y": 13.000000
			}
		},