
{
	"autogenerate": true, 
	"verts": {
		"verts-child-0": {
			"p1": {
				"x": -50.000000, 
				"y": 0.000000
			}, 
			"p2": {
				"x": 50.000000, 
				"y": 0.000000
			}
		}, 
		"verts-child-1": {
			"p1": {
				"x": 12.000000, 
				"y": -8.000000
			}, 
			"p2": {
				"x": 23.000000, 
				"y": -8.000000
			}
		}, 
		"verts-child-2": {
			"p1": {
				"x": 23.000000, 
				"y": -8.000000
			}, 
			"p2": {
				"x": 23.000000, 
				"y": -9.000000
			}
		}, 
		"verts-child-3": {
			"p1": {
				"x": 23.000000, 
				"y": -9.000000
			}, 
			"p2": {
				"x": 24.000000, 
				"y": -9.000000
			}
		}, 
		"verts-child-4": {
			"p1": {
				"x": 24.000000, 
				"y": -9.000000
			}, 
			"p2": {
				"x": 24.000000, 
				"y": -10.000000
			}
		}, 
		"verts-child-5": {
			"p1": {
				"x": 24.000000, 
				"y": -10.000000
			}, 
			"p2": {
				"x": 25.000000, 
				"y": -10.000000
			}
		}, 
		"verts-child-6": {
			"p1": {
				"x": 25.000000, 
				"y": -10.000000
			}, 
			"p2": {
				"x": 25.000000, 
				"y": -11.000000
			}
		}, 
		"verts-child-7": {
			"p1": {
				"x": 25.000000, 
				"y": -11.000000
			}, 
			"p2": {
				"x": 26.000000, 
				"y": -11.000000
			}
		}, 
		"verts-child-8": {
			"p1": {
				"x": 26.000000, 
				"y": -11.000000
			}, 
			"p2": {
				"x": 26.000000, 
				"y": -12.000000
			}
		}, 
		"verts-child-9": {
			"p1": {
				"x": 26.000000, 
				"y": -12.000000
			}, 
			"p2": {
				"x": 33.000000, 
				"y": -12.000000
			}
		}, 
		"verts-child-10": {
			"p1": {
				"x": 12.000000, 
				"y": -8.000000
			}, 
			"p2": {
				"x": 12.000000, 
				"y": -2.000000
			}
		}, 
		"verts-child-11": {
			"p1": {
				"x": -50.000000, 
				"y": 0.000000
			}, 
			"p2": {
				"x": -50.000000, 
				"y": -30.000000
			}
		}, 
		"verts-child-12": {
			"p1": {
				"x": 33.000000, 
				"y": -12.000000
			}, 
			"p2": {
				"x": 33.000000, 
				"y": -18.000000
			}
		}, 
		"verts-child-13": {
			"p1": {
				"x": 33.000000, 
				"y": -18.000000
			}, 
			"p2": {
				"x": 26.000000, 
				"y": -18.000000
			}
		}, 
		"verts-child-14": {
			"p1": {
				"x": 26.000000, 
				"y": -18.000000
			}, 
			"p2": {
				"x": 26.000000, 
				"y": -15.000000
			}
		}, 
		"verts-child-15": {
			"p1": {
				"x": 26.000000, 
				"y": -15.000000
			}, 
			"p2": {
				"x": 28.000000, 
				"y": -15.000000
			}
		}, 
		"verts-child-16": {
			"p1": {
				"x": 28.000000, 
				"y": -15.000000
			}, 
			"p2": {
				"x": 28.000000, 
				"y": -14.000000
			}
		}, 
		"verts-child-17": {
			"p1": {
				"x": 12.000000, 
				"y": -2.000000
			}, 
			"p2": {
				"x": 10.000000, 
				"y": -2.000000
			}
		}, 
		"verts-child-18": {
			"p1": {
				"x": -17.000000, 
				"y": -2.000000
			}, 
			"p2": {
				"x": -17.000000, 
				"y": -25.000000
			}
		}, 
		"verts-child-19": {
			"p1": {
				"x": -50.000000, 
				"y": -30.000000
			}, 
			"p2": {
				"x": -17.000000, 
				"y": -30.000000
			}
		}, 
		"verts-child-20": {
			"p1": {
				"x": -17.000000, 
				"y": -25.000000
			}, 
			"p2": {
				"x": -30.000000, 
				"y": -25.000000
			}
		}, 
		"verts-child-21": {
			"p1": {
				"x": -30.000000, 
				"y": -25.000000
			}, 
			"p2": {
				"x": -30.000000, 
				"y": -10.000000
			}
		}, 
		"verts-child-22": {
			"p1": {
				"x": -12.000000, 
				"y": -10.000000
			}, 
			"p2": {
				"x": -12.000000, 
				"y": -50.000000
			}
		}, 
		"verts-child-23": {
			"p1": {
				"x": -17.000000, 
				"y": -30.000000
			}, 
			"p2": {
				"x": -17.000000, 
				"y": -50.000000
			}
		}, 
		"verts-child-24": {
			"p1": {
				"x": -35.000000, 
				"y": -10.000000
			}, 
			"p2": {
				"x": -35.000000, 
				"y": -25.000000
			}
		}, 
		"verts-child-25": {
			"p1": {
				"x": -35.000000, 
				"y": -25.000000
			}, 
			"p2": {
				"x": -39.000000, 
				"y": -25.000000
			}
		}, 
		"verts-child-26": {
			"p1": {
				"x": -39.000000, 
				"y": -25.000000
			}, 
			"p2": {
				"x": -39.000000, 
				"y": -27.000000
			}
		}, 
		"verts-child-27": {
			"p1": {
				"x": -39.000000, 
				"y": -27.000000
			}, 
			"p2": {
				"x": -50.000000, 
				"y": -27.000000
			}
		}, 
		"verts-child-28": {
			"p1": {
				"x": -35.000000, 
				"y": -6.000000
			}, 
			"p2": {
				"x": -39.000000, 
				"y": -6.000000
			}
		}, 
		"verts-child-29": {
			"p1": {
				"x": -17.000000, 
				"y": -50.000000
			}, 
			"p2": {
				"x": -25.000000, 
				"y": -50.000000
			}
		}
	}
}