
{
	"autogenerate": true, 
	"verts": {
		"verts-child-0": {
			"p1": {
				"x": -10.000000, 
				"y": 0.000000
			}, 
			"p2": {
				"x": 10.000000, 
				"y": 0.000000
			}
		}, 
		"verts-child-1": {
			"p1": {
				"x": -8.000000, 
				"y": -3.000000
			}, 
			"p2": {
				"x": -4.000000, 
				"y": -3.000000
			}
		}, 
		"verts-child-2": {
			"p1": {
				"x": -3.000000, 
				"y": -4.000000
			}, 
			"p2": {
				"x": 2.000000, 
				"y": -6.000000
			}
		}, 
		"verts-child-3": {
			"p1": {
				"x": 1.000000, 
				"y": -3.000000
			}, 
			"p2": {
				"x": 8.000000, 
				"y": -2.000000
			}
		}, 
		"verts-child-4": {
			"p1": {
				"x": 7.000000, 
				"y": 5.000000
			}, 
			"p2": {
				"x": -4.000000, 
				"y": 7.000000
			}
		}, 
		"verts-child-5": {
			"p1": {
				"x": -3.000000, 
				"y": 2.000000
			}, 
			"p2": {
				"x": 4.000000, 
				"y": 2.000000
			}
		}
	}
}